"id","organization_id","name","abbreviation","description","created_by","updated_by","created_at","updated_at","deleted_at","uom_type","precision","is_active"
"85901d10-664b-433a-b362-fbed10df93cd","0cc01d20-6f0f-4266-8042-86d1b73b998a","Piece","PCS","Individual unit or piece","767a4267-eef9-4545-bafd-61eca0f93d0b","767a4267-eef9-4545-bafd-61eca0f93d0b","2026-09-29 06:24:07.289288+00","2026-09-29 06:24:07.289288+00","","count","0","true"
"576fb010-46c8-4299-8f38-503bc32bbc37","0cc01d20-6f0f-4266-8042-86d1b73b998a","Dozen","DOZ","12 pieces","767a4267-eef9-4545-bafd-61eca0f93d0b","767a4267-eef9-4545-bafd-61eca0f93d0b","2026-09-29 06:24:07.289288+00","2026-09-29 06:24:07.289288+00","","count","0","true"
"f9475133-867f-4c09-bbd5-92e512f49841","0cc01d20-6f0f-4266-8042-86d1b73b998a","Pair","PR","Set of two","767a4267-eef9-4545-bafd-61eca0f93d0b","767a4267-eef9-4545-bafd-61eca0f93d0b","2026-09-29 06:24:07.289288+00","2026-09-29 06:24:07.289288+00","","count","0","true"
"b820f966-3301-46d4-a2c2-e6668f35be61","0cc01d20-6f0f-4266-8042-86d1b73b998a","Set","SET","Group of items sold together","767a4267-eef9-4545-bafd-61eca0f93d0b","767a4267-eef9-4545-bafd-61eca0f93d0b","2026-09-29 06:24:07.289288+00","2026-09-29 06:24:07.289288+00","","count","0","true"
"88c2fd7a-095f-4edf-81fc-821c3779a149","0cc01d20-6f0f-4266-8042-86d1b73b998a","Box","BOX","Standard box packaging","767a4267-eef9-4545-bafd-61eca0f93d0b","767a4267-eef9-4545-bafd-61eca0f93d0b","2026-09-29 06:24:07.289288+00","2026-09-29 06:24:07.289288+00","","count","0","true"
"328381ff-327d-4f6d-aa02-ff5c4c5990bc","0cc01d20-6f0f-4266-8042-86d1b73b998a","Carton","CTN","Carton packaging","767a4267-eef9-4545-bafd-61eca0f93d0b","767a4267-eef9-4545-bafd-61eca0f93d0b","2026-09-29 06:24:07.289288+00","2026-09-29 06:24:07.289288+00","","count","0","true"
"4c6940f3-afd4-42cd-af1d-69c163f5c358","0cc01d20-6f0f-4266-8042-86d1b73b998a","Pack","PCK","Packaged bundle","767a4267-eef9-4545-bafd-61eca0f93d0b","767a4267-eef9-4545-bafd-61eca0f93d0b","2026-09-29 06:24:07.289288+00","2026-09-29 06:24:07.289288+00","","count","0","true"
"78c30a8d-b942-46cf-843b-ff046ea0b9dc","0cc01d20-6f0f-4266-8042-86d1b73b998a","Roll","ROL","Roll of material","767a4267-eef9-4545-bafd-61eca0f93d0b","767a4267-eef9-4545-bafd-61eca0f93d0b","2026-09-29 06:24:07.289288+00","2026-09-29 06:24:07.289288+00","","count","0","true"
"a816cc36-0429-4280-87da-1d90209a0790","0cc01d20-6f0f-4266-8042-86d1b73b998a","Sheet","SHT","Flat sheet","767a4267-eef9-4545-bafd-61eca0f93d0b","767a4267-eef9-4545-bafd-61eca0f93d0b","2026-09-29 06:24:07.289288+00","2026-09-29 06:24:07.289288+00","","count","0","true"
"0daf75d8-5a57-498d-b769-5b49afe06450","0cc01d20-6f0f-4266-8042-86d1b73b998a","Bundle","BDL","Bundled items","767a4267-eef9-4545-bafd-61eca0f93d0b","767a4267-eef9-4545-bafd-61eca0f93d0b","2026-09-29 06:24:07.289288+00","2026-09-29 06:24:07.289288+00","","count","0","true"
"d6842339-fe3c-40a4-a79f-4eeab8de093f","0cc01d20-6f0f-4266-8042-86d1b73b998a","Kilogram","KG","Metric unit of weight","767a4267-eef9-4545-bafd-61eca0f93d0b","767a4267-eef9-4545-bafd-61eca0f93d0b","2026-09-29 06:24:07.289288+00","2026-09-29 06:24:07.289288+00","","weight","0","true"
"078b2a40-f251-49bc-aa68-17d9dd6b859f","0cc01d20-6f0f-4266-8042-86d1b73b998a","Gram","GM","Metric unit of weight (1/1000 kg)","767a4267-eef9-4545-bafd-61eca0f93d0b","767a4267-eef9-4545-bafd-61eca0f93d0b","2026-09-29 06:24:07.289288+00","2026-09-29 06:24:07.289288+00","","weight","0","true"
"c4f85261-21ef-48b4-9bab-97ba3809c651","0cc01d20-6f0f-4266-8042-86d1b73b998a","Milligram","MG","Metric unit of weight (1/1000 g)","767a4267-eef9-4545-bafd-61eca0f93d0b","767a4267-eef9-4545-bafd-61eca0f93d0b","2026-09-29 06:24:07.289288+00","2026-09-29 06:24:07.289288+00","","weight","0","true"
"0574e969-c0ec-4cfe-9854-0e13aa7f9d64","0cc01d20-6f0f-4266-8042-86d1b73b998a","Metric Ton","MT","1000 kilograms","767a4267-eef9-4545-bafd-61eca0f93d0b","767a4267-eef9-4545-bafd-61eca0f93d0b","2026-09-29 06:24:07.289288+00","2026-09-29 06:24:07.289288+00","","weight","0","true"
"17428565-78b0-41e2-b754-19142e4c36c1","0cc01d20-6f0f-4266-8042-86d1b73b998a","Pound","LB","Imperial unit of weight","767a4267-eef9-4545-bafd-61eca0f93d0b","767a4267-eef9-4545-bafd-61eca0f93d0b","2026-09-29 06:24:07.289288+00","2026-09-29 06:24:07.289288+00","","weight","0","true"
"c8dc0992-282f-4173-972a-78dc2f8676de","0cc01d20-6f0f-4266-8042-86d1b73b998a","Ounce","OZ","Imperial unit of weight (1/16 lb)","767a4267-eef9-4545-bafd-61eca0f93d0b","767a4267-eef9-4545-bafd-61eca0f93d0b","2026-09-29 06:24:07.289288+00","2026-09-29 06:24:07.289288+00","","weight","0","true"
"64e69050-6611-40cf-bad5-71679acf1280","0cc01d20-6f0f-4266-8042-86d1b73b998a","Liter","LTR","Metric unit of volume","767a4267-eef9-4545-bafd-61eca0f93d0b","767a4267-eef9-4545-bafd-61eca0f93d0b","2026-09-29 06:24:07.289288+00","2026-09-29 06:24:07.289288+00","","volume","0","true"
"3d1c1f9d-daaa-47b7-b9ee-611e2550ed8e","0cc01d20-6f0f-4266-8042-86d1b73b998a","Milliliter","ML","Metric unit of volume (1/1000 L)","767a4267-eef9-4545-bafd-61eca0f93d0b","767a4267-eef9-4545-bafd-61eca0f93d0b","2026-09-29 06:24:07.289288+00","2026-09-29 06:24:07.289288+00","","volume","0","true"
"f26f35a1-5017-4d41-b66d-1e453b7b6dd1","0cc01d20-6f0f-4266-8042-86d1b73b998a","Cubic Meter","CBM","Metric unit of volume","767a4267-eef9-4545-bafd-61eca0f93d0b","767a4267-eef9-4545-bafd-61eca0f93d0b","2026-09-29 06:24:07.289288+00","2026-09-29 06:24:07.289288+00","","volume","0","true"
"943cbdc5-d9f0-4a58-bbd3-ccf7290eeed4","0cc01d20-6f0f-4266-8042-86d1b73b998a","Gallon","GAL","Imperial unit of volume","767a4267-eef9-4545-bafd-61eca0f93d0b","767a4267-eef9-4545-bafd-61eca0f93d0b","2026-09-29 06:24:07.289288+00","2026-09-29 06:24:07.289288+00","","volume","0","true"
"76abdf33-d3e1-412e-a2cd-da2b21f3797c","0cc01d20-6f0f-4266-8042-86d1b73b998a","Meter","MTR","Metric unit of length","767a4267-eef9-4545-bafd-61eca0f93d0b","767a4267-eef9-4545-bafd-61eca0f93d0b","2026-09-29 06:24:07.289288+00","2026-09-29 06:24:07.289288+00","","length","0","true"
"bad0a09d-4924-4b43-bfe8-29e65c2e9c6f","0cc01d20-6f0f-4266-8042-86d1b73b998a","Centimeter","CM","Metric unit of length (1/100 m)","767a4267-eef9-4545-bafd-61eca0f93d0b","767a4267-eef9-4545-bafd-61eca0f93d0b","2026-09-29 06:24:07.289288+00","2026-09-29 06:24:07.289288+00","","length","0","true"
"b41ff3b0-c305-4503-be8a-e658d41a17c4","0cc01d20-6f0f-4266-8042-86d1b73b998a","Millimeter","MM","Metric unit of length (1/1000 m)","767a4267-eef9-4545-bafd-61eca0f93d0b","767a4267-eef9-4545-bafd-61eca0f93d0b","2026-09-29 06:24:07.289288+00","2026-09-29 06:24:07.289288+00","","length","0","true"
"b069033e-d9f7-47a3-92e4-0f8ccb98af5e","0cc01d20-6f0f-4266-8042-86d1b73b998a","Kilometer","KM","Metric unit of length (1000 m)","767a4267-eef9-4545-bafd-61eca0f93d0b","767a4267-eef9-4545-bafd-61eca0f93d0b","2026-09-29 06:24:07.289288+00","2026-09-29 06:24:07.289288+00","","length","0","true"
"e1a8cb3b-166c-4e34-9cb0-59c053a120ce","0cc01d20-6f0f-4266-8042-86d1b73b998a","Inch","IN","Imperial unit of length","767a4267-eef9-4545-bafd-61eca0f93d0b","767a4267-eef9-4545-bafd-61eca0f93d0b","2026-09-29 06:24:07.289288+00","2026-09-29 06:24:07.289288+00","","length","0","true"
"88109216-7b10-45ee-aa61-51f80b82e3a6","0cc01d20-6f0f-4266-8042-86d1b73b998a","Foot","FT","Imperial unit of length (12 inches)","767a4267-eef9-4545-bafd-61eca0f93d0b","767a4267-eef9-4545-bafd-61eca0f93d0b","2026-09-29 06:24:07.289288+00","2026-09-29 06:24:07.289288+00","","length","0","true"
"2833d56e-0c19-49b8-aba5-2a4ecf3d3408","0cc01d20-6f0f-4266-8042-86d1b73b998a","Yard","YD","Imperial unit of length (3 feet)","767a4267-eef9-4545-bafd-61eca0f93d0b","767a4267-eef9-4545-bafd-61eca0f93d0b","2026-09-29 06:24:07.289288+00","2026-09-29 06:24:07.289288+00","","length","0","true"
"90a0aa5c-4931-4c6a-a151-e9d40acecd44","0cc01d20-6f0f-4266-8042-86d1b73b998a","Square Meter","SQM","Metric unit of area","767a4267-eef9-4545-bafd-61eca0f93d0b","767a4267-eef9-4545-bafd-61eca0f93d0b","2026-09-29 06:24:07.289288+00","2026-09-29 06:24:07.289288+00","","area","0","true"
"2e9e4047-6f65-4632-bafc-9f38add7b874","0cc01d20-6f0f-4266-8042-86d1b73b998a","Square Foot","SQF","Imperial unit of area","767a4267-eef9-4545-bafd-61eca0f93d0b","767a4267-eef9-4545-bafd-61eca0f93d0b","2026-09-29 06:24:07.289288+00","2026-09-29 06:24:07.289288+00","","area","0","true"
"6ad528ce-be4b-476e-9d06-6c0874cc6c1d","0cc01d20-6f0f-4266-8042-86d1b73b998a","Hour","HR","Unit of time","767a4267-eef9-4545-bafd-61eca0f93d0b","767a4267-eef9-4545-bafd-61eca0f93d0b","2026-09-29 06:24:07.289288+00","2026-09-29 06:24:07.289288+00","","time","0","true"
"c28fe243-c672-47a1-be66-1dd93fe527f2","0cc01d20-6f0f-4266-8042-86d1b73b998a","Day","DAY","Unit of time (24 hours)","767a4267-eef9-4545-bafd-61eca0f93d0b","767a4267-eef9-4545-bafd-61eca0f93d0b","2026-09-29 06:24:07.289288+00","2026-09-29 06:24:07.289288+00","","time","0","true"
"3bcbefce-74ed-4cf5-98af-e4abfb65d74e","0cc01d20-6f0f-4266-8042-86d1b73b998a","Month","MON","Unit of time","767a4267-eef9-4545-bafd-61eca0f93d0b","767a4267-eef9-4545-bafd-61eca0f93d0b","2026-09-29 06:24:07.289288+00","2026-09-29 06:24:07.289288+00","","time","0","true"
"d5667659-5faf-45c0-9abe-9b60c503e7bb","0cc01d20-6f0f-4266-8042-86d1b73b998a","Year","YR","Unit of time (12 months)","767a4267-eef9-4545-bafd-61eca0f93d0b","767a4267-eef9-4545-bafd-61eca0f93d0b","2026-09-29 06:24:07.289288+00","2026-09-29 06:24:07.289288+00","","time","0","true"
"4ce8f002-b7e4-4861-806c-e4703f508332","0cc01d20-6f0f-4266-8042-86d1b73b998a","Unit","UNIT","Generic unit","767a4267-eef9-4545-bafd-61eca0f93d0b","767a4267-eef9-4545-bafd-61eca0f93d0b","2026-09-29 06:24:07.289288+00","2026-09-29 06:24:07.289288+00","","other","0","true"
"78867089-4fee-4a13-ade2-0cf98ad2da50","0cc01d20-6f0f-4266-8042-86d1b73b998a","Lot","LOT","Batch or lot of items","767a4267-eef9-4545-bafd-61eca0f93d0b","767a4267-eef9-4545-bafd-61eca0f93d0b","2026-09-29 06:24:07.289288+00","2026-09-29 06:24:07.289288+00","","other","0","true"
"7889063c-7239-49f0-822c-dec628e3bc30","0cc01d20-6f0f-4266-8042-86d1b73b998a","Pallet","PLT","Pallet load","767a4267-eef9-4545-bafd-61eca0f93d0b","767a4267-eef9-4545-bafd-61eca0f93d0b","2026-09-29 06:24:07.289288+00","2026-09-29 06:24:07.289288+00","","other","0","true"
"27ae10bd-7b70-49bb-b40e-8d2dad9ca8e0","0cc01d20-6f0f-4266-8042-86d1b73b998a","Container","CNT","Shipping container","767a4267-eef9-4545-bafd-61eca0f93d0b","767a4267-eef9-4545-bafd-61eca0f93d0b","2026-09-29 06:24:07.289288+00","2026-09-29 06:24:07.289288+00","","other","0","true"
"cb2f80ff-31ba-460d-be1a-3333d9956717","0cc01d20-6f0f-4266-8042-86d1b73b998a","Bag","BAG","Bag packaging","767a4267-eef9-4545-bafd-61eca0f93d0b","767a4267-eef9-4545-bafd-61eca0f93d0b","2026-09-29 06:24:07.289288+00","2026-09-29 06:24:07.289288+00","","other","0","true"
"c2ae4f78-b6f7-4207-8df1-6b608c6d2951","0cc01d20-6f0f-4266-8042-86d1b73b998a","Drum","DRM","Drum container","767a4267-eef9-4545-bafd-61eca0f93d0b","767a4267-eef9-4545-bafd-61eca0f93d0b","2026-09-29 06:24:07.289288+00","2026-09-29 06:24:07.289288+00","","other","0","true"
"bf877087-480e-4b14-b11e-5c67ea98c9c7","0cc01d20-6f0f-4266-8042-86d1b73b998a","Bottle","BTL","Bottle packaging","767a4267-eef9-4545-bafd-61eca0f93d0b","767a4267-eef9-4545-bafd-61eca0f93d0b","2026-09-29 06:24:07.289288+00","2026-09-29 06:24:07.289288+00","","other","0","true"
"7e812d40-41e0-4c45-8154-a43817012fbe","c8506f92-c4d1-4059-8fe3-0137bc579ab0","Piece","PCS","Individual unit or piece","63da7671-84f0-49ff-a355-4cce5569ffa4","63da7671-84f0-49ff-a355-4cce5569ffa4","2026-10-01 06:14:20.066829+00","2026-10-01 06:14:20.066829+00","","count","0","true"
"4b18bb84-6fb2-48da-8806-fca00606a914","c8506f92-c4d1-4059-8fe3-0137bc579ab0","Dozen","DOZ","12 pieces","63da7671-84f0-49ff-a355-4cce5569ffa4","63da7671-84f0-49ff-a355-4cce5569ffa4","2026-10-01 06:14:20.066829+00","2026-10-01 06:14:20.066829+00","","count","0","true"
"b905a208-6a08-4997-b9e6-fa245439c531","c8506f92-c4d1-4059-8fe3-0137bc579ab0","Pair","PR","Set of two","63da7671-84f0-49ff-a355-4cce5569ffa4","63da7671-84f0-49ff-a355-4cce5569ffa4","2026-10-01 06:14:20.066829+00","2026-10-01 06:14:20.066829+00","","count","0","true"
"d109e1fd-cae4-4c9a-b4fb-0a93de4403c1","c8506f92-c4d1-4059-8fe3-0137bc579ab0","Set","SET","Group of items sold together","63da7671-84f0-49ff-a355-4cce5569ffa4","63da7671-84f0-49ff-a355-4cce5569ffa4","2026-10-01 06:14:20.066829+00","2026-10-01 06:14:20.066829+00","","count","0","true"
"464de14a-df8d-4c74-a213-9466044e1226","c8506f92-c4d1-4059-8fe3-0137bc579ab0","Box","BOX","Standard box packaging","63da7671-84f0-49ff-a355-4cce5569ffa4","63da7671-84f0-49ff-a355-4cce5569ffa4","2026-10-01 06:14:20.066829+00","2026-10-01 06:14:20.066829+00","","count","0","true"
"4e853d3d-6c3f-403f-9c58-586f4c32638d","c8506f92-c4d1-4059-8fe3-0137bc579ab0","Carton","CTN","Carton packaging","63da7671-84f0-49ff-a355-4cce5569ffa4","63da7671-84f0-49ff-a355-4cce5569ffa4","2026-10-01 06:14:20.066829+00","2026-10-01 06:14:20.066829+00","","count","0","true"
"a3fc57e7-3c42-440d-bbff-3541706ff024","c8506f92-c4d1-4059-8fe3-0137bc579ab0","Pack","PCK","Packaged bundle","63da7671-84f0-49ff-a355-4cce5569ffa4","63da7671-84f0-49ff-a355-4cce5569ffa4","2026-10-01 06:14:20.066829+00","2026-10-01 06:14:20.066829+00","","count","0","true"
"c2ce5b97-81ef-49d2-a384-66e608ce793f","c8506f92-c4d1-4059-8fe3-0137bc579ab0","Roll","ROL","Roll of material","63da7671-84f0-49ff-a355-4cce5569ffa4","63da7671-84f0-49ff-a355-4cce5569ffa4","2026-10-01 06:14:20.066829+00","2026-10-01 06:14:20.066829+00","","count","0","true"
"936d5efe-2e69-490f-9db7-cf57a321acb0","c8506f92-c4d1-4059-8fe3-0137bc579ab0","Sheet","SHT","Flat sheet","63da7671-84f0-49ff-a355-4cce5569ffa4","63da7671-84f0-49ff-a355-4cce5569ffa4","2026-10-01 06:14:20.066829+00","2026-10-01 06:14:20.066829+00","","count","0","true"
"052ab024-5186-491a-b382-7ad5dbf553aa","c8506f92-c4d1-4059-8fe3-0137bc579ab0","Bundle","BDL","Bundled items","63da7671-84f0-49ff-a355-4cce5569ffa4","63da7671-84f0-49ff-a355-4cce5569ffa4","2026-10-01 06:14:20.066829+00","2026-10-01 06:14:20.066829+00","","count","0","true"
"036fe619-bf91-4e95-aa4b-ece1ceaf8324","c8506f92-c4d1-4059-8fe3-0137bc579ab0","Kilogram","KG","Metric unit of weight","63da7671-84f0-49ff-a355-4cce5569ffa4","63da7671-84f0-49ff-a355-4cce5569ffa4","2026-10-01 06:14:20.066829+00","2026-10-01 06:14:20.066829+00","","weight","0","true"
"2f8334b1-afad-49d1-a41a-55d2156b27c1","c8506f92-c4d1-4059-8fe3-0137bc579ab0","Gram","GM","Metric unit of weight (1/1000 kg)","63da7671-84f0-49ff-a355-4cce5569ffa4","63da7671-84f0-49ff-a355-4cce5569ffa4","2026-10-01 06:14:20.066829+00","2026-10-01 06:14:20.066829+00","","weight","0","true"
"43d5df34-a0ec-439f-a0c2-f373b9531160","c8506f92-c4d1-4059-8fe3-0137bc579ab0","Milligram","MG","Metric unit of weight (1/1000 g)","63da7671-84f0-49ff-a355-4cce5569ffa4","63da7671-84f0-49ff-a355-4cce5569ffa4","2026-10-01 06:14:20.066829+00","2026-10-01 06:14:20.066829+00","","weight","0","true"
"19bec726-6335-4b79-bd7e-e16c1c0ed590","c8506f92-c4d1-4059-8fe3-0137bc579ab0","Metric Ton","MT","1000 kilograms","63da7671-84f0-49ff-a355-4cce5569ffa4","63da7671-84f0-49ff-a355-4cce5569ffa4","2026-10-01 06:14:20.066829+00","2026-10-01 06:14:20.066829+00","","weight","0","true"
"1a2409ad-a6ba-4caa-87f9-f9716cf36450","c8506f92-c4d1-4059-8fe3-0137bc579ab0","Pound","LB","Imperial unit of weight","63da7671-84f0-49ff-a355-4cce5569ffa4","63da7671-84f0-49ff-a355-4cce5569ffa4","2026-10-01 06:14:20.066829+00","2026-10-01 06:14:20.066829+00","","weight","0","true"
"00bba98a-a650-4e91-92a6-db64683b6097","c8506f92-c4d1-4059-8fe3-0137bc579ab0","Ounce","OZ","Imperial unit of weight (1/16 lb)","63da7671-84f0-49ff-a355-4cce5569ffa4","63da7671-84f0-49ff-a355-4cce5569ffa4","2026-10-01 06:14:20.066829+00","2026-10-01 06:14:20.066829+00","","weight","0","true"
"eb4d4f83-92c1-4f7d-a335-6ad4f3058d17","c8506f92-c4d1-4059-8fe3-0137bc579ab0","Liter","LTR","Metric unit of volume","63da7671-84f0-49ff-a355-4cce5569ffa4","63da7671-84f0-49ff-a355-4cce5569ffa4","2026-10-01 06:14:20.066829+00","2026-10-01 06:14:20.066829+00","","volume","0","true"
"ceb467f6-df26-46e9-8716-a9d71011839f","c8506f92-c4d1-4059-8fe3-0137bc579ab0","Milliliter","ML","Metric unit of volume (1/1000 L)","63da7671-84f0-49ff-a355-4cce5569ffa4","63da7671-84f0-49ff-a355-4cce5569ffa4","2026-10-01 06:14:20.066829+00","2026-10-01 06:14:20.066829+00","","volume","0","true"
"b910f8a3-71ac-4780-8668-4fad402e02e8","c8506f92-c4d1-4059-8fe3-0137bc579ab0","Cubic Meter","CBM","Metric unit of volume","63da7671-84f0-49ff-a355-4cce5569ffa4","63da7671-84f0-49ff-a355-4cce5569ffa4","2026-10-01 06:14:20.066829+00","2026-10-01 06:14:20.066829+00","","volume","0","true"
"daaa0248-74c8-442d-a199-e1069ee0d363","c8506f92-c4d1-4059-8fe3-0137bc579ab0","Gallon","GAL","Imperial unit of volume","63da7671-84f0-49ff-a355-4cce5569ffa4","63da7671-84f0-49ff-a355-4cce5569ffa4","2026-10-01 06:14:20.066829+00","2026-10-01 06:14:20.066829+00","","volume","0","true"
"d0df1302-3b24-4569-9183-4b3ed08853c4","c8506f92-c4d1-4059-8fe3-0137bc579ab0","Meter","MTR","Metric unit of length","63da7671-84f0-49ff-a355-4cce5569ffa4","63da7671-84f0-49ff-a355-4cce5569ffa4","2026-10-01 06:14:20.066829+00","2026-10-01 06:14:20.066829+00","","length","0","true"
"bf6a2aed-cfb2-4b5f-b53d-5f6be66f7571","c8506f92-c4d1-4059-8fe3-0137bc579ab0","Centimeter","CM","Metric unit of length (1/100 m)","63da7671-84f0-49ff-a355-4cce5569ffa4","63da7671-84f0-49ff-a355-4cce5569ffa4","2026-10-01 06:14:20.066829+00","2026-10-01 06:14:20.066829+00","","length","0","true"
"e316c128-8095-4b0b-b45b-57d345f8721d","c8506f92-c4d1-4059-8fe3-0137bc579ab0","Millimeter","MM","Metric unit of length (1/1000 m)","63da7671-84f0-49ff-a355-4cce5569ffa4","63da7671-84f0-49ff-a355-4cce5569ffa4","2026-10-01 06:14:20.066829+00","2026-10-01 06:14:20.066829+00","","length","0","true"
"24e7bea6-8aa3-4049-90cd-c098aad33213","c8506f92-c4d1-4059-8fe3-0137bc579ab0","Kilometer","KM","Metric unit of length (1000 m)","63da7671-84f0-49ff-a355-4cce5569ffa4","63da7671-84f0-49ff-a355-4cce5569ffa4","2026-10-01 06:14:20.066829+00","2026-10-01 06:14:20.066829+00","","length","0","true"
"68ce6a4e-0cff-4ecf-bfb4-8004bfd8196a","c8506f92-c4d1-4059-8fe3-0137bc579ab0","Inch","IN","Imperial unit of length","63da7671-84f0-49ff-a355-4cce5569ffa4","63da7671-84f0-49ff-a355-4cce5569ffa4","2026-10-01 06:14:20.066829+00","2026-10-01 06:14:20.066829+00","","length","0","true"
"300a0d89-3dec-4b71-bc0d-031b7b8eedeb","c8506f92-c4d1-4059-8fe3-0137bc579ab0","Foot","FT","Imperial unit of length (12 inches)","63da7671-84f0-49ff-a355-4cce5569ffa4","63da7671-84f0-49ff-a355-4cce5569ffa4","2026-10-01 06:14:20.066829+00","2026-10-01 06:14:20.066829+00","","length","0","true"
"f3a9c10d-8aaf-4539-8b88-e27d3d778d5a","c8506f92-c4d1-4059-8fe3-0137bc579ab0","Yard","YD","Imperial unit of length (3 feet)","63da7671-84f0-49ff-a355-4cce5569ffa4","63da7671-84f0-49ff-a355-4cce5569ffa4","2026-10-01 06:14:20.066829+00","2026-10-01 06:14:20.066829+00","","length","0","true"
"d88fa439-0d2d-414c-871b-81b0f1d17e40","c8506f92-c4d1-4059-8fe3-0137bc579ab0","Square Meter","SQM","Metric unit of area","63da7671-84f0-49ff-a355-4cce5569ffa4","63da7671-84f0-49ff-a355-4cce5569ffa4","2026-10-01 06:14:20.066829+00","2026-10-01 06:14:20.066829+00","","area","0","true"
"dcaa7585-aff3-4b9d-ad5f-0bf6bdce2a71","c8506f92-c4d1-4059-8fe3-0137bc579ab0","Square Foot","SQF","Imperial unit of area","63da7671-84f0-49ff-a355-4cce5569ffa4","63da7671-84f0-49ff-a355-4cce5569ffa4","2026-10-01 06:14:20.066829+00","2026-10-01 06:14:20.066829+00","","area","0","true"
"a2da7fc6-522a-4184-a9fd-b03504ae81a7","c8506f92-c4d1-4059-8fe3-0137bc579ab0","Hour","HR","Unit of time","63da7671-84f0-49ff-a355-4cce5569ffa4","63da7671-84f0-49ff-a355-4cce5569ffa4","2026-10-01 06:14:20.066829+00","2026-10-01 06:14:20.066829+00","","time","0","true"
"98280e96-d806-4e47-8da7-d26ca7fd5959","c8506f92-c4d1-4059-8fe3-0137bc579ab0","Day","DAY","Unit of time (24 hours)","63da7671-84f0-49ff-a355-4cce5569ffa4","63da7671-84f0-49ff-a355-4cce5569ffa4","2026-10-01 06:14:20.066829+00","2026-10-01 06:14:20.066829+00","","time","0","true"
"2600bc77-8cee-4ef0-a9d2-da2ad7b443bf","c8506f92-c4d1-4059-8fe3-0137bc579ab0","Month","MON","Unit of time","63da7671-84f0-49ff-a355-4cce5569ffa4","63da7671-84f0-49ff-a355-4cce5569ffa4","2026-10-01 06:14:20.066829+00","2026-10-01 06:14:20.066829+00","","time","0","true"
"5d5f0959-9769-40aa-ac1b-ded921032d68","c8506f92-c4d1-4059-8fe3-0137bc579ab0","Year","YR","Unit of time (12 months)","63da7671-84f0-49ff-a355-4cce5569ffa4","63da7671-84f0-49ff-a355-4cce5569ffa4","2026-10-01 06:14:20.066829+00","2026-10-01 06:14:20.066829+00","","time","0","true"
"d379d7a0-e3dc-4940-8c04-e70965a96426","c8506f92-c4d1-4059-8fe3-0137bc579ab0","Unit","UNIT","Generic unit","63da7671-84f0-49ff-a355-4cce5569ffa4","63da7671-84f0-49ff-a355-4cce5569ffa4","2026-10-01 06:14:20.066829+00","2026-10-01 06:14:20.066829+00","","other","0","true"
"81839e33-c1d2-4daf-86dd-b29f8e70c632","c8506f92-c4d1-4059-8fe3-0137bc579ab0","Lot","LOT","Batch or lot of items","63da7671-84f0-49ff-a355-4cce5569ffa4","63da7671-84f0-49ff-a355-4cce5569ffa4","2026-10-01 06:14:20.066829+00","2026-10-01 06:14:20.066829+00","","other","0","true"
"fe7d0ebc-0b3a-4196-ac6e-339ad575a200","c8506f92-c4d1-4059-8fe3-0137bc579ab0","Pallet","PLT","Pallet load","63da7671-84f0-49ff-a355-4cce5569ffa4","63da7671-84f0-49ff-a355-4cce5569ffa4","2026-10-01 06:14:20.066829+00","2026-10-01 06:14:20.066829+00","","other","0","true"
"ed547069-7e95-46b5-bced-1461c817048d","c8506f92-c4d1-4059-8fe3-0137bc579ab0","Container","CNT","Shipping container","63da7671-84f0-49ff-a355-4cce5569ffa4","63da7671-84f0-49ff-a355-4cce5569ffa4","2026-10-01 06:14:20.066829+00","2026-10-01 06:14:20.066829+00","","other","0","true"
"59e22651-3db7-45ab-a109-cf31aa84d567","c8506f92-c4d1-4059-8fe3-0137bc579ab0","Bag","BAG","Bag packaging","63da7671-84f0-49ff-a355-4cce5569ffa4","63da7671-84f0-49ff-a355-4cce5569ffa4","2026-10-01 06:14:20.066829+00","2026-10-01 06:14:20.066829+00","","other","0","true"
"939ea12e-d2b3-4fb9-acf2-192d326edfab","c8506f92-c4d1-4059-8fe3-0137bc579ab0","Drum","DRM","Drum container","63da7671-84f0-49ff-a355-4cce5569ffa4","63da7671-84f0-49ff-a355-4cce5569ffa4","2026-10-01 06:14:20.066829+00","2026-10-01 06:14:20.066829+00","","other","0","true"
"07e2a069-3d01-40a6-9c57-67bc4126a2ce","c8506f92-c4d1-4059-8fe3-0137bc579ab0","Bottle","BTL","Bottle packaging","63da7671-84f0-49ff-a355-4cce5569ffa4","63da7671-84f0-49ff-a355-4cce5569ffa4","2026-10-01 06:14:20.066829+00","2026-10-01 06:14:20.066829+00","","other","0","true"